timestamp,temperatura,umidade,estado_do_umidificador
2021-07-11 22:13:22.430965,21.3,76.6,0
2021-07-11 22:15:48.694282,21.3,74.0,0
2021-07-11 22:17:49.356669,21.3,72.7,0
2021-07-11 22:20:00.041399,21.3,72.0,0
2021-07-11 22:22:15.550421,21.3,75.9,0
2021-07-11 22:24:26.376972,21.3,82.0,0
2021-07-11 22:26:58.072124,21.3,82.2,1
2021-07-11 22:29:41.695582,21.2,83.4,0
2021-07-11 22:31:54.612976,21.2,82.9,0
2021-07-11 22:33:55.122396,21.2,81.6,0
2021-07-11 22:35:46.589348,21.2,82.8,1
2021-07-11 22:37:47.045543,21.2,83.3,1
2021-07-11 22:39:38.119932,21.2,83.9,0
2021-07-11 22:42:24.653245,21.2,82.4,0
2021-07-11 22:44:05.964941,21.2,82.6,0
2021-07-11 22:45:58.687619,21.2,81.6,0
2021-07-11 22:47:59.180907,21.2,83.3,0
2021-07-11 22:50:09.647279,21.1,82.9,0
2021-07-11 22:52:02.191442,21.1,82.9,0
2021-07-11 22:54:00.259900,21.1,82.7,0
2021-07-11 22:55:50.659601,21.1,82.1,0
2021-07-11 22:58:16.557766,21.1,82.8,0
2021-07-11 23:00:47.381380,21.1,82.8,0
2021-07-11 23:02:55.226073,21.1,83.3,0
2021-07-11 23:04:52.977754,21.0,84.9,0
2021-07-11 23:07:13.880560,21.1,84.3,0
2021-07-11 23:09:32.711638,21.0,81.6,1
2021-07-11 23:11:27.305484,21.0,83.3,0
2021-07-11 23:13:26.269845,21.0,81.8,1
2021-07-11 23:15:15.178603,21.0,84.1,0
2021-07-11 23:17:12.955770,21.0,83.1,0
2021-07-11 23:19:17.706189,20.9,82.7,0
2021-07-11 23:21:22.746658,20.9,85.5,0
2021-07-11 23:23:15.481302,21.0,79.9,0
2021-07-11 23:25:12.034720,20.9,83.7,0
2021-07-11 23:27:02.278604,20.9,80.9,0
2021-07-11 23:29:14.710965,20.9,80.6,1
2021-07-11 23:31:06.605575,20.9,84.2,0
2021-07-11 23:32:51.222146,20.9,80.6,0
2021-07-11 23:34:42.676952,20.9,82.4,0
2021-07-11 23:36:30.159590,20.9,83.0,0
2021-07-11 23:38:35.276835,20.9,81.5,0
2021-07-11 23:40:29.055901,20.9,80.8,0
2021-07-11 23:43:14.340845,20.9,80.3,0
2021-07-11 23:46:19.728988,20.9,79.4,0
2021-07-11 23:48:26.190780,20.9,82.3,0
2021-07-11 23:50:20.644675,20.9,79.0,0
2021-07-11 23:52:14.598334,20.9,81.3,0
2021-07-11 23:54:04.627564,20.9,81.5,0
2021-07-11 23:55:43.410964,20.9,78.7,1
2021-07-11 23:57:38.197557,20.9,83.3,0
2021-07-11 23:59:44.288865,20.9,79.1,0
2021-07-12 00:01:44.761036,20.9,82.9,0
2021-07-12 00:04:04.734036,20.9,79.2,0
2021-07-12 00:06:03.857275,20.8,81.6,0
2021-07-12 00:07:53.927461,20.8,81.2,0
2021-07-12 00:09:43.889142,20.9,79.1,1
2021-07-12 00:11:58.114076,20.8,81.3,0
2021-07-12 00:14:20.922400,20.8,82.3,0
2021-07-12 00:16:25.429485,20.8,81.1,0
2021-07-12 00:18:48.012243,20.8,80.3,1
2021-07-12 00:20:39.707050,20.8,82.6,0
2021-07-12 00:22:34.583181,20.8,80.1,0
2021-07-12 00:24:41.030609,20.8,80.3,0
2021-07-12 00:26:28.483605,20.8,82.7,0
2021-07-12 00:28:15.975902,20.7,79.2,0
2021-07-12 00:30:07.426966,20.7,81.3,0
2021-07-12 00:32:07.153012,20.7,81.7,0
2021-07-12 00:33:59.722891,20.7,81.1,0
2021-07-12 00:36:30.282223,20.7,81.2,0
2021-07-12 00:38:39.419538,20.7,83.5,0
2021-07-12 00:40:44.378728,20.7,80.1,0
2021-07-12 00:42:56.509620,20.7,81.7,0
2021-07-12 00:44:47.970337,20.7,82.6,0
2021-07-12 00:47:03.456257,20.7,81.8,0
2021-07-12 00:49:13.905910,20.6,82.0,0
2021-07-12 00:51:19.180521,20.6,80.4,1
2021-07-12 00:53:20.574307,20.6,81.6,0
2021-07-12 00:55:20.801170,20.6,82.3,0
2021-07-12 00:57:26.983182,20.6,79.5,0
2021-07-12 00:59:32.049769,20.6,81.5,0
2021-07-12 01:01:45.118170,20.6,81.6,0
2021-07-12 01:03:55.226980,20.6,79.8,0
2021-07-12 01:05:54.254178,20.5,82.8,0
2021-07-12 01:07:59.540847,20.5,81.3,0
2021-07-12 01:09:51.381679,20.5,79.8,1
2021-07-12 01:11:40.792521,20.5,81.9,0
2021-07-12 01:13:33.006085,20.5,80.1,0
2021-07-12 01:15:53.165159,20.5,80.0,1
2021-07-12 01:17:44.711613,20.5,82.5,0
2021-07-12 01:20:24.973112,20.5,81.5,0
2021-07-12 01:23:27.985907,20.5,83.3,0
2021-07-12 01:25:19.084179,20.5,80.2,0
2021-07-12 01:27:33.594714,20.5,81.8,0
2021-07-12 01:29:23.171106,20.4,78.8,0
2021-07-12 01:31:44.673359,20.5,81.8,0
2021-07-12 01:33:37.254159,20.4,80.7,0
2021-07-12 01:35:46.072004,20.4,80.0,0
2021-07-12 01:37:53.722532,20.4,83.0,0
2021-07-12 01:39:48.197092,20.4,80.0,0
2021-07-12 01:41:41.906370,20.4,80.8,0
2021-07-12 01:43:31.709498,20.4,81.2,0
2021-07-12 01:45:22.670044,20.4,79.6,0
2021-07-12 01:47:07.798483,20.4,82.4,0
2021-07-12 01:48:49.687350,20.4,79.0,1
2021-07-12 01:50:36.247703,20.4,82.2,0
2021-07-12 01:52:28.780091,20.3,79.8,0
2021-07-12 01:54:53.669517,20.3,79.8,0
2021-07-12 01:57:29.076393,20.3,80.5,0
2021-07-12 02:00:05.794059,20.3,82.1,0
2021-07-12 02:02:43.870517,20.3,80.4,0
2021-07-12 02:05:42.153527,20.3,80.3,0
2021-07-12 02:08:31.394808,20.3,81.3,0
2021-07-12 02:11:08.932831,20.3,81.4,0
2021-07-12 02:13:02.579789,20.3,78.9,0
2021-07-12 02:14:53.989310,20.2,82.0,0
2021-07-12 02:16:47.448863,20.2,78.9,0
2021-07-12 02:19:15.339069,20.2,81.5,0
2021-07-12 02:22:00.556358,20.2,79.3,0
2021-07-12 02:24:26.993746,20.2,80.5,0
2021-07-12 02:26:44.785259,20.2,80.9,0
2021-07-12 02:29:29.670141,20.2,78.9,0
2021-07-12 02:31:15.795275,20.2,83.0,0
2021-07-12 02:33:06.473447,20.2,79.1,0
2021-07-12 02:35:34.145385,20.2,81.0,0
2021-07-12 02:37:40.155275,20.2,79.1,0
2021-07-12 02:39:42.632481,20.2,80.7,0
2021-07-12 02:41:47.675188,20.1,80.9,0
2021-07-12 02:44:06.445958,20.1,80.5,0
2021-07-12 02:46:53.963389,20.1,81.1,0
2021-07-12 02:49:51.222120,20.1,79.2,0
2021-07-12 02:51:42.433867,20.0,80.4,0
2021-07-12 02:53:45.320346,20.0,81.6,0
2021-07-12 02:56:15.535500,20.0,79.4,0
2021-07-12 02:59:03.278059,19.9,81.0,0
2021-07-12 03:02:05.123842,19.9,80.5,0
2021-07-12 03:03:54.593343,19.9,78.6,0
2021-07-12 03:06:18.501808,19.9,80.9,0
2021-07-12 03:09:10.902290,19.9,78.9,0
2021-07-12 03:12:21.246776,19.9,79.0,0
2021-07-12 03:14:50.231683,19.9,81.0,0
2021-07-12 03:17:17.942591,19.9,79.8,0
2021-07-12 03:19:11.382470,19.9,79.4,0
2021-07-12 03:21:09.689529,19.8,78.3,0
2021-07-12 03:22:55.865830,19.9,78.6,0
2021-07-12 03:25:00.224985,19.9,78.8,0
2021-07-12 03:27:57.713677,19.8,83.7,0
2021-07-12 03:30:36.437260,19.8,79.2,0
2021-07-12 03:32:39.553763,19.8,78.5,0
2021-07-12 03:34:24.508022,19.8,80.6,0
2021-07-12 03:36:02.347644,19.8,79.2,0
2021-07-12 03:38:01.725190,19.8,78.5,0
2021-07-12 03:40:28.210324,19.8,80.9,0
2021-07-12 03:43:30.662417,19.8,78.6,0
2021-07-12 03:46:25.006385,19.7,80.6,0
2021-07-12 03:48:57.397159,19.7,79.8,0
2021-07-12 03:51:37.451923,19.7,80.1,0
2021-07-12 03:54:26.466551,19.7,79.9,0
2021-07-12 03:57:20.194314,19.7,78.5,0
2021-07-12 03:59:52.795496,19.6,82.1,0
2021-07-12 04:02:16.623582,19.6,79.3,0
2021-07-12 04:04:41.522836,19.6,80.2,0
2021-07-12 04:07:27.953423,19.6,79.8,0
2021-07-12 04:09:27.197063,19.6,78.4,1
2021-07-12 04:11:08.426570,19.6,81.8,0
2021-07-12 04:12:48.841536,19.6,79.4,0
2021-07-12 04:14:34.362796,19.6,78.7,0
2021-07-12 04:16:24.283586,19.6,80.9,0
2021-07-12 04:18:40.464299,19.5,79.3,0
2021-07-12 04:21:36.747273,19.5,78.5,0
2021-07-12 04:24:30.372823,19.5,78.4,0
2021-07-12 04:27:21.459986,19.5,78.2,0
2021-07-12 04:30:05.921884,19.5,78.3,1
2021-07-12 04:31:59.736282,19.5,81.6,0
2021-07-12 04:33:52.800490,19.5,79.9,0
2021-07-12 04:36:23.823791,19.5,79.3,0
2021-07-12 04:38:44.769240,19.5,78.9,0
2021-07-12 04:41:36.647006,19.5,78.6,0
2021-07-12 04:43:20.106772,19.4,79.2,0
2021-07-12 04:45:18.326473,19.4,78.5,0
2021-07-12 04:47:48.091063,19.4,79.6,0
2021-07-12 04:49:43.749114,19.4,79.7,0
2021-07-12 04:51:26.646656,19.4,79.0,0
2021-07-12 04:53:32.328896,19.4,79.0,0
2021-07-12 04:55:48.445559,19.3,78.6,0
2021-07-12 04:57:31.804999,19.4,78.7,0
2021-07-12 04:59:42.815664,19.3,78.7,0
2021-07-12 05:02:14.167177,19.4,79.5,0
2021-07-12 05:04:09.951187,19.3,79.7,0
2021-07-12 05:06:00.809457,19.4,79.6,0
2021-07-12 05:08:49.679598,19.3,79.3,0
2021-07-12 05:11:52.534467,19.3,78.6,0
2021-07-12 05:14:42.253589,19.2,78.7,0
2021-07-12 05:17:30.356576,19.2,80.4,0
2021-07-12 05:20:24.051958,19.2,78.9,0
2021-07-12 05:22:37.866533,19.2,79.2,0
2021-07-12 05:24:25.778376,19.2,79.3,0
2021-07-12 05:26:03.658683,19.2,79.1,0
2021-07-12 05:27:49.096877,19.2,79.5,0
2021-07-12 05:29:37.114680,19.2,80.0,0
2021-07-12 05:31:32.647987,19.2,80.2,0
2021-07-12 05:34:26.380450,19.2,80.3,0
2021-07-12 05:36:29.548119,19.2,79.6,0
2021-07-12 05:38:17.507337,19.2,80.0,0
2021-07-12 05:40:05.414660,19.2,80.1,0
2021-07-12 05:42:03.548363,19.2,80.4,0
2021-07-12 05:43:56.644435,19.2,80.6,0
2021-07-12 05:45:39.562087,19.2,80.5,0
2021-07-12 05:47:27.476323,19.2,80.8,0
2021-07-12 05:49:12.853838,19.2,80.7,0
2021-07-12 05:51:11.202592,19.2,80.0,0
2021-07-12 05:52:56.687253,19.1,79.8,0
2021-07-12 05:54:44.565236,19.1,79.4,0
2021-07-12 05:56:50.100088,19.1,79.3,0
2021-07-12 05:58:30.721667,19.1,79.6,0
2021-07-12 06:01:06.718837,19.1,80.0,0
2021-07-12 06:04:56.422613,19.0,79.8,0
2021-07-12 06:08:35.673266,19.0,79.6,0
2021-07-12 06:11:52.575403,19.0,80.2,0
2021-07-12 06:14:51.351387,19.0,80.6,0
2021-07-12 06:16:29.135304,19.0,80.1,0
2021-07-12 06:18:19.603161,19.0,79.9,0
2021-07-12 06:19:59.908402,19.0,80.3,0
2021-07-12 06:23:11.316584,19.0,80.6,0
2021-07-12 06:26:40.410762,19.0,81.5,0
2021-07-12 06:30:24.597245,19.0,81.8,0
2021-07-12 06:34:08.967409,19.0,81.8,0
2021-07-12 06:38:13.452470,19.0,82.0,0
2021-07-12 06:41:27.649108,18.9,81.5,0
2021-07-12 06:45:37.348518,18.9,81.1,0
2021-07-12 06:48:56.347895,18.9,81.2,0
2021-07-12 06:50:39.180086,18.9,81.7,0
2021-07-12 06:52:32.184527,18.9,81.5,0
2021-07-12 06:54:15.054142,18.9,81.5,0
2021-07-12 06:56:00.537674,18.9,81.5,0
2021-07-12 06:57:53.517509,18.9,81.7,0
2021-07-12 06:59:36.425637,18.9,82.0,0
2021-07-12 07:02:25.187763,18.9,81.8,0
2021-07-12 07:05:29.311267,18.9,82.3,0
2021-07-12 07:08:56.372315,18.9,82.3,0
2021-07-12 07:11:47.919137,18.9,82.9,0
2021-07-12 07:14:01.331357,18.9,83.6,0
2021-07-12 07:17:05.104972,18.9,83.9,0
2021-07-12 07:19:08.406462,18.9,84.1,0
2021-07-12 07:21:08.052905,18.9,84.0,0
2021-07-12 07:22:56.331422,18.9,83.8,0
2021-07-12 07:24:46.973947,18.9,83.6,0
2021-07-12 07:26:27.544114,18.9,83.5,0
2021-07-12 07:28:13.189428,18.9,83.4,0
2021-07-12 07:30:03.559340,18.9,83.4,0
2021-07-12 07:31:48.952593,18.9,83.3,0
2021-07-12 07:33:34.322874,18.9,83.2,0
2021-07-12 07:35:27.323813,18.9,83.0,0
2021-07-12 07:37:22.864303,18.9,82.9,0
2021-07-12 07:40:09.313106,18.9,82.9,0
2021-07-12 07:42:18.008154,18.9,82.9,0
2021-07-12 07:45:34.876162,18.8,82.8,0
2021-07-12 07:48:54.156647,18.8,82.8,0
2021-07-12 07:51:55.633733,18.9,82.8,0
2021-07-12 07:55:22.176489,18.9,82.7,0
2021-07-12 07:57:10.141127,18.9,82.6,0
2021-07-12 07:59:11.111197,19.0,82.5,0
2021-07-12 08:03:02.939350,19.0,82.5,0
2021-07-12 08:04:58.492062,19.0,82.3,0
2021-07-12 08:07:04.071240,19.0,82.2,0
2021-07-12 08:09:02.287689,19.0,82.1,0
2021-07-12 08:11:05.693719,19.1,82.0,0
2021-07-12 08:16:15.858074,19.1,82.0,0
2021-07-12 08:20:00.808900,19.1,82.5,0
2021-07-12 08:23:17.456730,19.2,82.1,0
2021-07-12 08:25:25.501914,19.2,82.1,0
2021-07-12 08:27:05.870443,19.2,82.1,0
2021-07-12 08:28:49.124900,19.3,82.1,0
2021-07-12 08:30:57.806176,19.3,82.2,0
2021-07-12 08:33:54.110366,19.3,82.3,0
2021-07-12 08:36:04.701178,19.3,82.4,0
2021-07-12 08:38:40.795348,19.4,82.5,0
2021-07-12 08:40:56.815094,19.4,82.6,0
2021-07-12 08:43:12.536709,19.4,82.8,0
2021-07-12 08:45:10.798490,19.5,82.9,0
2021-07-12 08:47:14.254796,19.5,82.9,0
2021-07-12 08:49:07.573297,19.5,82.9,0
2021-07-12 08:50:55.334223,19.5,83.1,0
2021-07-12 08:52:48.257864,19.5,83.0,0
2021-07-12 08:54:41.153702,19.5,83.0,0
2021-07-12 08:56:31.895916,19.6,83.1,0
2021-07-12 08:58:09.644630,19.6,83.2,0
2021-07-12 08:59:57.550177,19.6,83.3,0
2021-07-12 09:01:47.957198,19.6,83.5,0
2021-07-12 09:03:56.084116,19.6,83.5,0
2021-07-12 09:05:56.791256,19.7,83.6,0
2021-07-12 09:08:12.407834,19.7,83.6,0
2021-07-12 09:10:17.919149,19.7,83.6,0
2021-07-12 09:12:39.063131,19.8,83.7,0
2021-07-12 09:14:57.540578,19.8,83.8,0
2021-07-12 09:17:38.546621,19.8,83.9,0
2021-07-12 09:19:59.607770,19.8,84.0,0
2021-07-12 09:23:16.090312,19.9,84.1,0
2021-07-12 09:25:54.701922,19.9,84.1,0
2021-07-12 09:28:03.075460,20.0,84.1,0
2021-07-12 09:30:18.749388,20.0,84.0,0
2021-07-12 09:32:09.086524,20.0,84.0,0
2021-07-12 09:34:02.469195,20.0,83.9,0
2021-07-12 09:35:48.354981,20.1,83.8,0
2021-07-12 09:38:01.658035,20.1,83.8,0
2021-07-12 09:40:04.597389,20.1,83.8,0
2021-07-12 09:42:30.556058,20.2,83.8,0
2021-07-12 09:44:46.284144,20.2,83.9,0
2021-07-12 09:47:17.172236,20.2,83.9,0
2021-07-12 09:49:15.434547,20.3,83.7,0
2021-07-12 09:51:08.456889,20.3,83.6,0
2021-07-12 09:53:26.664779,20.3,83.5,0
2021-07-12 09:55:44.906281,20.3,83.4,0
2021-07-12 09:57:50.730039,20.4,83.2,0
2021-07-12 10:00:08.999360,20.4,83.0,0
2021-07-12 10:02:07.001775,20.4,82.8,0
2021-07-12 10:04:20.231986,20.4,82.5,0
2021-07-12 10:06:20.954767,20.5,82.2,0
2021-07-12 10:08:16.498348,20.5,81.9,0
2021-07-12 10:11:02.832634,20.5,81.6,0
2021-07-12 10:14:34.506547,20.5,81.0,0
2021-07-12 10:17:03.202796,20.6,80.3,0
2021-07-12 10:19:34.228391,20.6,80.0,0
2021-07-12 10:21:32.246852,20.6,79.7,0
2021-07-12 10:24:23.588425,20.7,79.5,0
2021-07-12 10:27:42.560735,20.7,79.1,0
2021-07-12 10:30:36.474683,20.8,78.6,0
2021-07-12 10:33:11.023342,20.8,80.5,0
2021-07-12 10:35:29.941556,20.8,82.7,0
2021-07-12 10:37:56.102483,20.9,79.3,0
2021-07-12 10:41:01.338711,20.9,79.5,0
2021-07-12 10:43:02.423058,20.9,81.3,0
2021-07-12 10:44:48.293702,20.9,78.9,0
2021-07-12 10:47:23.130818,21.0,80.8,0
2021-07-12 10:49:34.131337,21.0,79.4,0
2021-07-12 10:51:18.462646,21.0,80.8,0
2021-07-12 10:53:17.098135,21.1,80.8,0
2021-07-12 10:55:12.018876,21.1,78.5,1
2021-07-12 10:57:00.297996,21.1,81.5,0
2021-07-12 10:58:57.338378,21.2,78.7,1
2021-07-12 11:00:53.604507,21.2,81.3,0
2021-07-12 11:02:40.139177,21.2,78.8,1
2021-07-12 11:04:26.697287,21.3,83.0,0
2021-07-12 11:07:52.212686,21.3,80.2,0
2021-07-12 11:09:40.963565,21.3,84.8,0
2021-07-12 11:11:49.631630,21.3,79.7,0
2021-07-12 11:14:20.501210,21.4,82.0,0
2021-07-12 11:16:06.321047,21.4,79.4,0
2021-07-12 11:18:17.897083,21.4,83.9,0
2021-07-12 11:20:11.387832,21.4,79.8,0
2021-07-12 11:21:56.282997,21.4,82.5,0
2021-07-12 11:23:32.242296,21.5,79.7,0
2021-07-12 11:25:32.453526,21.5,82.2,0
2021-07-12 11:27:17.192193,21.5,79.3,0
2021-07-12 11:29:10.961924,21.5,82.8,0
2021-07-12 11:30:58.290909,21.5,80.9,0
2021-07-12 11:33:56.208271,21.5,81.6,0
2021-07-12 11:36:43.815195,21.6,81.4,0
2021-07-12 11:39:06.566340,21.6,80.7,0
2021-07-12 11:40:50.281517,21.6,81.8,0
2021-07-12 11:42:28.108031,21.6,82.7,0
2021-07-12 11:44:17.960953,21.6,80.1,0
2021-07-12 11:46:33.162787,21.7,81.5,0
2021-07-12 11:48:24.493131,21.7,82.1,0
2021-07-12 11:50:19.289821,21.7,81.4,0
2021-07-12 11:51:59.335952,21.7,82.5,0
2021-07-12 11:54:02.408857,21.8,81.0,0
2021-07-12 11:55:49.838622,21.8,81.8,1
2021-07-12 11:57:28.813451,21.8,82.6,0
2021-07-12 11:59:19.128055,21.8,82.2,0
2021-07-12 12:01:14.674225,21.8,80.2,0
2021-07-12 12:02:50.114898,21.8,80.2,0
2021-07-12 12:04:41.348002,21.9,82.8,0
2021-07-12 12:06:44.294717,21.9,81.3,0
2021-07-12 12:09:14.314984,21.9,81.0,1
2021-07-12 12:11:10.675094,21.9,82.8,0
2021-07-12 12:13:06.053012,21.9,80.7,0
2021-07-12 12:15:01.335588,22.0,81.8,0
2021-07-12 12:16:49.029226,22.0,81.8,0
2021-07-12 12:18:34.492047,22.0,81.7,0
2021-07-12 12:20:27.109328,22.0,81.4,0
2021-07-12 12:22:17.062486,22.0,81.8,0
2021-07-12 12:23:59.934270,22.1,81.1,0
2021-07-12 12:25:57.962890,22.1,81.4,0
2021-07-12 12:27:53.518651,22.1,81.8,0
2021-07-12 12:29:41.414623,22.1,80.8,0
2021-07-12 12:31:29.365567,22.2,81.4,0
2021-07-12 12:33:07.396605,22.2,80.6,0
2021-07-12 12:35:29.933778,22.2,82.7,0
2021-07-12 12:37:40.920011,22.2,81.8,0
2021-07-12 12:39:38.845510,22.2,81.0,0
2021-07-12 12:41:36.512674,22.2,81.3,0
2021-07-12 12:43:42.043709,22.3,80.5,0
2021-07-12 12:45:36.519929,22.3,79.7,0
2021-07-12 12:47:26.680167,22.3,81.0,0
2021-07-12 12:49:17.287306,22.3,81.1,0
2021-07-12 12:51:31.140314,22.3,82.8,0
2021-07-12 12:53:54.345987,22.4,80.3,1
2021-07-12 12:56:16.366521,22.4,82.2,0
2021-07-12 12:58:44.004451,22.4,81.8,0
2021-07-12 13:01:00.672335,22.4,80.8,0
2021-07-12 13:03:33.743742,22.5,82.8,0
2021-07-12 13:06:00.813883,22.5,80.7,1
2021-07-12 13:08:08.585323,22.5,81.2,0
2021-07-12 13:09:51.366598,22.5,81.0,0
2021-07-12 13:12:01.724138,22.5,80.8,0
2021-07-12 13:13:49.277076,22.5,81.6,0
2021-07-12 13:15:42.741598,22.5,80.9,0
2021-07-12 13:18:42.049643,22.6,81.8,0
2021-07-12 13:20:34.645755,22.6,81.4,0
2021-07-12 13:22:19.978872,22.6,80.9,0
2021-07-12 13:24:11.497177,22.6,82.2,0
2021-07-12 13:25:56.915895,22.7,81.0,0
2021-07-12 13:27:51.403902,22.7,81.6,1
2021-07-12 13:29:34.890115,22.7,80.6,1
2021-07-12 13:31:32.886190,22.7,81.0,0
2021-07-12 13:33:40.970602,22.7,81.1,0
2021-07-12 13:35:28.968396,22.8,81.1,0
2021-07-12 13:37:05.498744,22.8,80.7,1
2021-07-12 13:39:05.142089,22.8,80.6,1
2021-07-12 13:40:48.439573,22.8,82.2,1
2021-07-12 13:42:23.889745,22.8,81.8,1
2021-07-12 13:44:16.837193,22.8,82.2,0
2021-07-12 13:46:07.188261,22.8,82.9,0
2021-07-12 13:47:47.371344,22.9,82.1,0
2021-07-12 13:49:25.340151,22.9,81.9,0
2021-07-12 13:51:13.443925,22.9,81.3,0
2021-07-12 13:53:25.894985,22.9,80.2,0
2021-07-12 13:55:36.889547,22.9,81.3,0
2021-07-12 13:57:51.663883,22.9,80.1,0
2021-07-12 14:00:22.934423,22.9,80.9,1
2021-07-12 14:03:31.005999,23.0,80.6,1
2021-07-12 14:05:41.193435,23.0,80.9,0
2021-07-12 14:07:32.194136,23.0,80.7,0
2021-07-12 14:09:19.039008,23.0,80.6,0
2021-07-12 14:10:57.096230,23.0,80.3,0
2021-07-12 14:12:52.771445,23.0,81.8,0
2021-07-12 14:14:41.030163,23.1,80.4,0
2021-07-12 14:16:22.157456,23.1,80.3,0
2021-07-12 14:18:14.497715,23.1,81.4,1
2021-07-12 14:20:10.218287,23.1,81.0,0
2021-07-12 14:22:00.946311,23.1,81.7,0
2021-07-12 14:24:01.408766,23.1,80.4,0
2021-07-12 14:26:08.705122,23.1,80.7,0
2021-07-12 14:28:40.613304,23.2,80.8,0
2021-07-12 14:30:54.757151,23.2,80.8,0
2021-07-12 14:32:40.508203,23.2,80.6,0
2021-07-12 14:34:33.214712,23.2,80.0,1
2021-07-12 14:36:29.503959,23.2,80.0,0
2021-07-12 14:39:02.915183,23.3,81.5,0
2021-07-12 14:40:41.030750,23.3,80.1,0
2021-07-12 14:42:25.637277,23.3,80.2,1
2021-07-12 14:44:30.497914,23.3,80.9,0
2021-07-12 14:47:16.102757,23.3,80.9,0
2021-07-12 14:49:41.332480,23.3,82.0,0
2021-07-12 14:51:39.141801,23.3,79.5,0
2021-07-12 14:53:42.350186,23.4,80.6,0
2021-07-12 14:56:08.795513,23.4,81.3,0
2021-07-12 14:58:19.921969,23.4,81.9,0
2021-07-12 15:00:03.201623,23.4,80.5,0
2021-07-12 15:02:56.367626,23.5,80.3,0
2021-07-12 15:04:36.341497,23.5,81.3,0
2021-07-12 15:06:39.703033,23.5,80.7,0
2021-07-12 15:08:33.167778,23.5,79.1,0
2021-07-12 15:10:36.895496,23.5,80.6,0
2021-07-12 15:12:41.365364,23.5,80.1,1
2021-07-12 15:15:02.500638,23.5,81.9,0
2021-07-12 15:16:45.827446,23.5,81.1,0
2021-07-12 15:18:27.385138,23.5,81.1,0
2021-07-12 15:20:11.804870,23.5,80.2,0
2021-07-12 15:21:54.897764,23.6,79.2,1
2021-07-12 15:23:40.546413,23.6,80.0,0
2021-07-12 15:25:34.367836,23.6,80.3,0
2021-07-12 15:27:30.221442,23.6,80.3,0
2021-07-12 15:29:43.388139,23.6,79.2,0
2021-07-12 15:31:36.900992,23.6,80.1,0
2021-07-12 15:33:50.217717,23.6,80.3,1
2021-07-12 15:35:58.673606,23.6,80.3,0
2021-07-12 15:38:43.094986,23.6,80.5,1
2021-07-12 15:41:06.387491,23.7,81.3,0
2021-07-12 15:43:32.219032,23.6,82.3,0
2021-07-12 15:45:25.505601,23.7,80.7,0
2021-07-12 15:47:22.910924,23.7,79.8,1
2021-07-12 15:49:33.315448,23.7,80.2,0
2021-07-12 15:52:22.908489,23.7,80.2,0
2021-07-12 15:55:21.121069,23.7,81.5,0
2021-07-12 15:58:19.071991,23.7,80.1,0
2021-07-12 16:00:12.380588,23.7,80.8,0
2021-07-12 16:01:59.379482,23.7,81.5,1
2021-07-12 16:03:48.616122,23.8,80.5,1
2021-07-12 16:06:18.928809,23.8,83.1,1
2021-07-12 16:08:24.900529,23.7,79.9,0
2021-07-12 16:10:00.556124,23.8,80.1,0
2021-07-12 16:12:53.393811,23.8,80.7,0
2021-07-12 16:15:28.902592,23.8,79.4,0
2021-07-12 16:18:24.261124,23.8,82.7,0
2021-07-12 16:21:02.058152,23.8,80.2,0
2021-07-12 16:23:18.056391,23.8,80.9,0
2021-07-12 16:25:10.928080,23.8,79.9,1
2021-07-12 16:27:00.420715,23.9,80.4,0
2021-07-12 16:28:57.285948,23.8,80.0,1
2021-07-12 16:31:08.954758,23.8,80.4,0
2021-07-12 16:33:04.769102,23.8,82.6,0
2021-07-12 16:34:55.888491,23.8,81.3,0
2021-07-12 16:36:45.368165,23.8,79.3,1
2021-07-12 16:38:32.062429,23.8,79.7,0
2021-07-12 16:40:19.974844,23.8,80.5,0
2021-07-12 16:42:33.734977,23.8,79.2,1
2021-07-12 16:44:25.268328,23.9,79.9,0
2021-07-12 16:47:25.115357,23.8,79.8,0
2021-07-12 16:49:34.258631,23.9,79.6,1
2021-07-12 16:51:31.538396,23.8,79.5,0
2021-07-12 16:53:58.150648,23.8,79.9,0
2021-07-12 16:56:35.738201,23.8,80.2,0
2021-07-12 16:59:05.407178,23.8,80.2,1
2021-07-12 17:01:19.496582,23.8,80.2,0
2021-07-12 17:04:02.559734,23.8,79.5,1
2021-07-12 17:06:23.806986,23.8,81.1,0
2021-07-12 17:09:38.708204,23.7,80.8,0
2021-07-12 17:11:49.833380,23.8,80.4,0
2021-07-12 17:13:37.676906,23.7,78.7,0
2021-07-12 17:15:40.878622,23.8,83.0,0
2021-07-12 17:18:03.693179,23.8,79.3,0
2021-07-12 17:20:15.636215,23.8,79.6,1
2021-07-12 17:22:12.297416,23.8,79.6,0
2021-07-12 17:24:03.563662,23.8,80.2,0
2021-07-12 17:26:01.868429,23.8,80.5,0
2021-07-12 17:28:02.383727,23.7,79.2,0
2021-07-12 17:30:31.554659,23.7,79.4,1
2021-07-12 17:32:18.006426,23.7,79.4,0
2021-07-12 17:34:08.579929,23.7,79.7,0
2021-07-12 17:36:32.983818,23.7,79.1,0
2021-07-12 17:39:06.625665,23.6,80.6,0
2021-07-12 17:40:47.551220,23.6,80.3,0
2021-07-12 17:42:32.793344,23.6,80.0,1
2021-07-12 17:44:34.895505,23.6,79.3,0
2021-07-12 17:46:25.646480,23.6,79.3,0
2021-07-12 17:48:31.301926,23.6,79.8,1
2021-07-12 17:50:52.126231,23.5,80.7,0
2021-07-12 17:53:35.138380,23.5,78.9,0
2021-07-12 17:55:18.887051,23.5,79.5,0
2021-07-12 17:57:13.290253,23.5,80.2,0
2021-07-12 17:58:53.985408,23.5,79.8,0
2021-07-12 18:00:42.464389,23.5,80.3,0
2021-07-12 18:02:20.705265,23.5,80.3,0
2021-07-12 18:04:05.186652,23.4,79.3,0
2021-07-12 18:05:55.954259,23.4,80.3,0
2021-07-12 18:08:19.951353,23.4,79.3,1
2021-07-12 18:10:38.013179,23.4,80.1,0
2021-07-12 18:12:19.180595,23.4,79.8,0
2021-07-12 18:14:17.028518,23.3,82.6,0
2021-07-12 18:16:25.289260,23.3,79.8,1
2021-07-12 18:19:04.548527,23.3,79.6,0
2021-07-12 18:21:57.373913,23.3,79.5,1
2021-07-12 18:23:37.656805,23.3,81.2,0
2021-07-12 18:25:34.287178,23.3,80.1,0
2021-07-12 18:28:18.181282,23.3,79.6,0
2021-07-12 18:30:09.464121,23.2,79.3,0
2021-07-12 18:32:02.723949,23.2,80.5,0
2021-07-12 18:34:21.118189,23.2,79.9,0
2021-07-12 18:36:34.741017,23.2,79.9,1
2021-07-12 18:38:54.183996,23.2,79.6,1
2021-07-12 18:40:39.816196,23.1,78.5,0
2021-07-12 18:43:58.277184,23.5,75.4,1
2021-07-12 18:45:57.946999,23.4,61.1,1
2021-07-12 18:48:16.739408,23.3,62.5,1
2021-07-12 18:51:02.807099,24.1,65.3,1
2021-07-12 18:53:50.018239,24.1,62.8,1
2021-07-12 18:56:10.857923,23.7,61.5,1
2021-07-12 18:58:18.849828,23.6,62.5,1
2021-07-12 19:00:24.244502,23.5,63.0,1
2021-07-12 19:02:19.856506,23.4,63.2,1
2021-07-12 19:04:07.473488,23.4,63.2,1
2021-07-12 19:05:57.530809,23.4,63.0,1
2021-07-12 19:08:03.003051,23.4,62.4,1
2021-07-12 19:09:55.837462,23.4,61.6,1
2021-07-12 19:13:09.586058,23.7,67.3,1
2021-07-12 19:15:35.503280,23.5,62.6,1
2021-07-12 19:18:08.960211,23.4,62.6,1
2021-07-12 19:19:54.074152,23.4,62.9,1
2021-07-12 19:22:17.813141,23.3,63.4,1
2021-07-12 19:25:51.994283,23.4,64.0,1
2021-07-12 19:27:55.611990,23.5,64.0,1
2021-07-12 19:29:46.089457,23.4,63.6,1
2021-07-12 19:31:28.964688,23.4,63.7,0
2021-07-12 19:33:27.445674,23.5,63.7,0
2021-07-12 19:35:21.733763,23.5,63.6,0
2021-07-12 19:37:14.949867,23.5,63.7,0
2021-07-12 19:39:58.744636,23.5,63.8,0
2021-07-12 19:41:46.852153,23.4,64.2,0
2021-07-12 19:43:32.148728,23.4,64.5,0
2021-07-12 19:45:17.571935,23.4,64.7,0
2021-07-12 19:47:28.325664,23.4,64.9,0
2021-07-12 19:49:26.602986,24.0,71.1,0
2021-07-12 19:52:15.786127,23.5,68.2,0
2021-07-12 19:54:44.407645,23.3,67.1,0
2021-07-12 19:56:29.990825,23.2,67.1,0
2021-07-12 19:58:28.157891,23.1,66.8,0
2021-07-12 20:00:29.179687,23.1,66.4,0
2021-07-12 20:02:58.248214,23.3,66.6,0
2021-07-12 20:04:46.567853,23.2,65.8,0
2021-07-12 20:06:32.289097,23.2,65.6,0
2021-07-12 20:08:22.880306,23.2,65.2,0
2021-07-12 20:10:13.491455,23.2,64.7,0
2021-07-12 20:12:04.279258,23.2,64.0,0
2021-07-12 20:14:23.126921,23.3,64.5,0
2021-07-12 20:16:54.419209,23.3,64.8,0
2021-07-12 20:19:28.120291,23.2,64.9,0
2021-07-12 20:21:49.524024,23.2,66.0,0
2021-07-12 20:23:40.161326,23.2,65.4,0
2021-07-12 20:25:28.142788,23.2,65.5,0
2021-07-12 20:27:13.975092,23.3,65.7,0
2021-07-12 20:29:22.651831,23.3,66.0,0
2021-07-12 20:32:10.262740,23.5,66.4,0
2021-07-12 20:34:03.665411,23.6,63.4,0
2021-07-12 20:35:59.449038,23.6,62.7,0
2021-07-12 20:37:37.266172,23.6,62.4,0
2021-07-12 20:40:13.725746,23.7,63.3,0
2021-07-12 20:43:43.137550,23.6,63.2,0
2021-07-12 20:47:22.544908,23.6,62.5,0
2021-07-12 20:51:04.474677,23.5,62.2,0
2021-07-12 20:53:45.541300,23.4,62.0,0
2021-07-12 20:56:14.385410,23.3,61.3,0
2021-07-12 20:59:25.901243,23.3,61.9,0
2021-07-12 21:02:09.652494,23.3,61.8,0
2021-07-12 21:04:43.433271,23.3,61.9,0
2021-07-12 21:08:40.542570,23.3,62.0,0
2021-07-12 21:11:37.279200,23.3,65.9,0
2021-07-12 21:13:25.774034,23.1,62.8,0
2021-07-12 21:15:06.100211,23.0,62.1,0
2021-07-12 21:16:51.630346,23.0,62.3,0
2021-07-12 21:18:39.662560,23.0,62.6,0
2021-07-12 21:20:28.150712,23.0,63.3,0
2021-07-12 21:22:14.128975,22.9,63.1,0
2021-07-12 21:23:49.936271,23.0,63.2,0
2021-07-12 21:26:24.059713,22.9,64.6,0
2021-07-12 21:30:30.800542,22.9,75.4,0
2021-07-12 21:32:42.915207,22.9,74.0,0
2021-07-12 21:34:46.528457,22.8,63.4,0
2021-07-12 21:37:30.334463,22.8,63.4,0
2021-07-12 21:40:19.084711,22.8,63.6,0
2021-07-12 21:43:20.482647,22.8,63.9,0
2021-07-12 21:45:26.288586,22.8,64.1,0
2021-07-12 21:47:17.075340,22.9,64.4,0
2021-07-12 21:49:56.032934,22.9,63.7,0
2021-07-12 21:51:59.417595,22.8,63.4,0
2021-07-12 21:53:58.071558,22.9,65.1,0
2021-07-12 21:56:03.992449,22.8,63.6,0
2021-07-12 21:58:02.202673,22.7,63.5,0
2021-07-12 21:59:52.758454,22.7,63.5,0
2021-07-12 22:01:40.707316,22.7,63.4,0
2021-07-12 22:03:44.020149,22.7,63.5,0
2021-07-12 22:05:39.653716,22.7,63.6,0
2021-07-12 22:07:20.164328,22.6,63.5,0
2021-07-12 22:09:10.879332,22.6,63.5,0
2021-07-12 22:10:53.873737,22.6,63.6,0
2021-07-12 22:12:41.693055,22.6,63.6,0
2021-07-12 22:14:32.596254,22.6,63.6,0
2021-07-12 22:16:38.555398,22.5,63.6,0
2021-07-12 22:20:02.582272,22.5,63.8,0
2021-07-12 22:22:21.117417,22.5,64.9,0
2021-07-12 22:24:04.611557,22.5,66.7,0
2021-07-12 22:25:53.234527,22.7,66.7,0
2021-07-12 22:27:54.144047,22.7,77.5,0
2021-07-12 22:30:18.298428,22.7,82.9,0
2021-07-12 23:47:59.074989,22.9,70.8,0
2021-07-12 23:53:30.027569,22.8,68.9,0
2021-07-13 00:06:29.624686,22.6,68.0,0
2021-07-13 00:16:02.066740,22.7,70.7,0
2021-07-13 00:19:21.255914,22.6,69.9,0
2021-07-13 00:21:40.698687,22.6,69.9,0
2021-07-13 00:26:50.057135,22.7,70.7,0
2021-07-13 00:29:09.259367,22.7,71.1,0
2021-07-13 00:31:18.396041,22.7,72.4,0
2021-07-13 00:38:46.189111,22.8,71.4,0
2021-07-13 00:45:26.588703,22.8,73.9,1
2021-07-13 00:47:22.185974,22.9,79.1,0
2021-07-13 00:49:54.971969,23.1,80.2,0
2021-07-13 00:51:48.067455,23.1,82.1,0
2021-07-13 00:54:04.565142,23.1,80.0,0
2021-07-13 00:56:33.948895,23.1,79.8,0
2021-07-13 00:59:06.416531,23.1,80.7,0
2021-07-13 01:01:05.795299,23.0,79.6,0
2021-07-13 01:03:25.227590,23.0,80.7,0
2021-07-13 01:05:14.586093,22.9,81.0,1
2021-07-13 01:07:45.553308,22.9,82.1,0
2021-07-13 01:09:53.314896,22.8,80.7,0
2021-07-13 01:11:59.681019,22.7,80.1,1
2021-07-13 01:14:15.716702,22.6,80.3,0
2021-07-13 01:16:31.136085,22.6,81.3,0
2021-07-13 01:18:32.700090,22.5,79.7,1
2021-07-13 01:20:36.162907,22.4,81.5,0
2021-07-13 01:22:50.468993,22.3,79.5,0
2021-07-13 01:25:14.517044,22.1,80.4,0
2021-07-13 01:27:57.249381,22.0,80.8,0
2021-07-13 01:30:12.419136,22.0,80.7,0
2021-07-13 01:32:16.997764,21.9,81.6,0
2021-07-13 01:34:30.228151,21.8,81.2,0
2021-07-13 01:36:35.793246,21.8,80.0,0
2021-07-13 01:38:38.521822,21.7,80.9,0
2021-07-13 01:40:40.663698,21.7,79.7,0
2021-07-13 01:42:25.981812,21.6,79.6,0
2021-07-13 01:44:31.385628,21.6,81.3,0
2021-07-13 01:46:29.090684,21.6,79.4,1
2021-07-13 01:49:02.289145,21.5,80.9,0
2021-07-13 01:51:12.873003,21.5,80.2,0
2021-07-13 01:52:58.142492,21.4,79.7,0
2021-07-13 01:55:04.774195,21.4,79.5,1
2021-07-13 01:57:16.353225,21.3,80.2,0
2021-07-13 02:00:06.671123,21.3,81.2,0
2021-07-13 02:02:07.032551,21.3,79.3,0
2021-07-13 02:04:45.654290,21.2,79.6,0
2021-07-13 02:06:43.690696,21.1,80.2,0
2021-07-13 02:08:34.847034,21.1,80.3,0
2021-07-13 02:10:35.985968,21.0,78.9,1
2021-07-13 02:13:21.431648,21.0,80.0,0
2021-07-13 02:16:02.102334,20.9,80.3,0
2021-07-13 02:17:55.132397,20.9,81.7,0
2021-07-13 02:20:01.387029,21.0,79.0,0
2021-07-13 02:22:29.479141,20.9,80.1,0
2021-07-13 02:24:39.961011,20.9,80.0,0
2021-07-13 02:26:33.163074,20.9,78.6,0
2021-07-13 02:28:17.966408,20.9,80.1,0
2021-07-13 02:30:34.234658,20.9,79.4,0
2021-07-13 02:32:31.090056,20.9,79.4,0
2021-07-13 02:34:26.841083,20.9,79.2,0
2021-07-13 02:36:40.073999,20.9,78.7,0
2021-07-13 02:38:38.095222,20.9,78.4,0
2021-07-13 02:41:47.877764,20.9,80.8,0
2021-07-13 02:44:10.509647,20.9,78.9,0
2021-07-13 02:45:54.136229,20.9,82.1,0
2021-07-13 02:47:44.858404,20.9,79.8,0
2021-07-13 02:49:40.461639,20.9,79.1,0
2021-07-13 02:51:46.200668,20.9,78.8,0
2021-07-13 02:53:41.146533,20.9,79.6,0
2021-07-13 02:55:24.392686,20.9,79.9,0
2021-07-13 02:57:20.229194,20.9,78.8,0
2021-07-13 02:59:20.247030,20.8,79.6,0
2021-07-13 03:01:34.678178,20.8,79.7,0
2021-07-13 03:03:47.316362,20.8,79.4,0
2021-07-13 03:06:04.982313,20.8,80.4,0
2021-07-13 03:08:36.469614,20.7,79.5,0
2021-07-13 03:10:40.188259,20.6,79.7,0
2021-07-13 03:12:38.005933,20.5,81.6,0
2021-07-13 03:15:03.813836,20.5,81.0,0
2021-07-13 03:17:02.671389,20.5,79.6,0
2021-07-13 03:19:05.825345,20.5,80.0,0
2021-07-13 03:20:56.331276,20.4,80.9,0
2021-07-13 03:22:43.685096,20.4,78.7,0
2021-07-13 03:24:25.615396,20.4,79.1,1
2021-07-13 03:26:29.191016,20.3,79.7,0
2021-07-13 03:28:34.545643,20.3,81.1,0
2021-07-13 03:30:45.778047,20.3,79.7,0
2021-07-13 03:32:50.440067,20.3,79.9,0
2021-07-13 03:34:38.721844,20.3,80.4,0
2021-07-13 03:37:45.186720,20.3,79.4,0
2021-07-13 03:40:59.233709,20.3,78.8,0
2021-07-13 03:43:12.608585,20.3,78.9,0
2021-07-13 03:45:05.715797,20.2,82.8,0
2021-07-13 03:47:02.809406,20.2,79.0,1
2021-07-13 03:49:08.047695,20.1,79.9,0
2021-07-13 03:51:01.118773,20.1,79.5,0
2021-07-13 03:53:03.459744,20.0,79.2,1
2021-07-13 03:54:55.698676,19.9,80.4,0
2021-07-13 03:57:20.687868,19.9,80.1,0
2021-07-13 03:59:16.342830,19.8,78.8,0
2021-07-13 04:01:53.018479,19.8,79.7,0
2021-07-13 04:04:18.173346,19.7,79.5,0
2021-07-13 04:06:42.056040,19.6,80.4,0
2021-07-13 04:08:50.766818,19.6,80.4,0
2021-07-13 04:11:00.620847,19.6,80.9,0
2021-07-13 04:12:46.435956,19.6,79.3,0
2021-07-13 04:15:04.075121,19.6,79.8,0
2021-07-13 04:16:58.916817,19.5,79.7,0
2021-07-13 04:19:25.046824,19.5,79.2,0
2021-07-13 04:21:43.328186,19.5,78.2,0
2021-07-13 04:23:30.413163,19.5,80.1,0
2021-07-13 04:26:19.279292,19.5,78.5,1
2021-07-13 04:29:03.087588,19.5,80.2,0
2021-07-13 04:31:13.307306,19.4,80.1,0
2021-07-13 04:32:59.152424,19.5,79.6,0
2021-07-13 04:34:47.286099,19.5,78.5,0
2021-07-13 04:36:42.971795,19.5,79.1,0
2021-07-13 04:40:02.085148,19.4,79.6,0
2021-07-13 04:42:39.416811,19.5,80.4,0
2021-07-13 04:45:15.956624,19.5,80.5,0
2021-07-13 04:47:31.159920,19.4,81.0,0
2021-07-13 04:49:53.253285,19.4,79.6,0
2021-07-13 04:51:41.773309,19.4,81.1,0
2021-07-13 04:53:26.313482,19.4,79.1,0
2021-07-13 04:55:21.033961,19.3,78.9,0
2021-07-13 04:57:18.835934,19.3,79.5,1
2021-07-13 04:59:07.125791,19.3,80.9,0
2021-07-13 05:00:46.822822,19.3,79.5,0
2021-07-13 05:02:33.738201,19.2,79.1,1
2021-07-13 05:04:58.200772,19.2,81.3,0
2021-07-13 05:07:31.005578,19.2,79.9,0
2021-07-13 05:10:10.932950,19.2,79.3,1
2021-07-13 05:12:09.985428,19.1,79.8,0
2021-07-13 05:14:05.348408,19.1,80.4,0
2021-07-13 05:15:58.104034,19.0,79.8,0
2021-07-13 05:18:53.618511,19.0,79.4,0
2021-07-13 05:21:23.667370,19.0,81.8,0
2021-07-13 05:23:48.981211,19.0,80.2,0
2021-07-13 05:25:41.348203,18.9,79.8,0
2021-07-13 05:27:31.377994,18.9,79.8,0
2021-07-13 05:29:13.863212,18.8,80.1,0
2021-07-13 05:31:18.943771,18.8,79.5,0
2021-07-13 05:33:49.084811,18.7,79.6,0
2021-07-13 05:36:49.403163,18.7,80.2,0
2021-07-13 05:40:12.674003,18.7,80.6,0
2021-07-13 05:42:52.497351,18.7,78.8,1
2021-07-13 05:44:44.285781,18.6,81.1,0
2021-07-13 05:46:44.141407,18.6,79.3,0
2021-07-13 05:48:22.502316,18.6,80.8,0
2021-07-13 05:50:12.171746,18.6,78.4,1
2021-07-13 05:52:10.772366,18.6,80.9,0
2021-07-13 05:53:54.309220,18.6,78.3,0
2021-07-13 05:55:46.319582,18.6,79.4,0
2021-07-13 05:57:32.188925,18.5,80.0,0
2021-07-13 05:59:17.681242,18.5,78.4,0
2021-07-13 06:01:58.046339,18.5,79.2,0
2021-07-13 06:04:52.076818,18.5,79.5,0
2021-07-13 06:07:00.396280,18.5,78.7,0
2021-07-13 06:08:52.468889,18.5,78.7,0
2021-07-13 06:10:41.155228,18.4,80.4,0
2021-07-13 06:12:34.343416,18.4,78.6,0
2021-07-13 06:14:23.698971,18.4,79.4,0
2021-07-13 06:16:14.605620,18.4,79.6,0
2021-07-13 06:17:54.871565,18.4,78.4,0
2021-07-13 06:19:47.823298,18.4,78.3,0
2021-07-13 06:21:37.759620,18.4,81.0,0
2021-07-13 06:23:53.764654,18.4,79.8,0
2021-07-13 06:27:02.575453,18.4,79.1,0
2021-07-13 06:29:48.756640,18.4,78.8,0
2021-07-13 06:32:37.531328,18.3,78.4,0
2021-07-13 06:35:23.916541,18.3,78.5,0
2021-07-13 06:38:45.402285,18.3,78.4,0
2021-07-13 06:42:11.933025,18.3,78.4,0
2021-07-13 06:45:26.023938,18.3,78.6,0
2021-07-13 06:48:17.230795,18.3,78.7,0
2021-07-13 06:50:05.105466,18.3,78.5,0
2021-07-13 06:51:42.894222,18.3,78.7,0
2021-07-13 06:53:25.794420,18.3,78.9,0
2021-07-13 06:55:16.616637,18.3,79.1,0
2021-07-13 06:56:57.460193,18.4,79.2,0
2021-07-13 06:59:43.916235,18.4,78.9,0
2021-07-13 07:02:57.889570,18.3,78.8,0
2021-07-13 07:06:24.549762,18.4,79.2,0
2021-07-13 07:09:51.145569,18.3,79.0,0
2021-07-13 07:12:57.525948,18.3,78.8,0
2021-07-13 07:17:44.983967,18.3,79.2,0
2021-07-13 07:21:19.218431,18.3,79.5,0
2021-07-13 07:25:01.017533,18.3,79.8,0
2021-07-13 07:27:55.003903,18.3,80.3,0
2021-07-13 07:29:55.465999,18.3,80.3,0
2021-07-13 07:31:56.198369,18.3,80.4,0
2021-07-13 07:35:10.105764,18.3,80.7,0
2021-07-13 07:37:56.458405,18.4,81.1,0
2021-07-13 07:40:47.629256,18.4,81.5,0
2021-07-13 07:42:50.816744,18.4,81.8,0
2021-07-13 07:44:46.314573,18.4,82.0,0
2021-07-13 07:46:49.827201,18.4,82.3,0
2021-07-13 07:48:27.598938,18.5,82.5,0
2021-07-13 07:50:12.981961,18.5,82.7,0
2021-07-13 07:52:59.443963,18.6,83.0,0
2021-07-13 07:55:25.364683,18.6,83.5,0
2021-07-13 07:57:33.814645,18.6,83.8,0
2021-07-13 07:59:11.631379,18.7,84.0,0
2021-07-13 08:00:57.088724,18.8,84.1,0
2021-07-13 08:02:34.816193,18.8,84.3,0
2021-07-13 08:04:30.526868,18.8,84.3,0
2021-07-13 08:06:31.280324,18.9,84.4,0
2021-07-13 08:08:57.193157,19.0,84.4,0
2021-07-13 08:11:43.450299,19.0,84.4,0
2021-07-13 08:14:01.661827,19.0,84.3,0
2021-07-13 08:17:30.740449,19.1,84.3,0
2021-07-13 08:19:44.209096,19.2,84.9,0
2021-07-13 08:21:27.071548,19.2,85.5,0
2021-07-13 08:23:35.375027,19.3,85.1,0
2021-07-13 08:26:09.021061,19.4,84.7,0
2021-07-13 08:28:27.156019,19.4,84.4,0
2021-07-13 08:31:08.321631,19.4,84.5,0
2021-07-13 08:33:26.706091,19.5,84.7,0
2021-07-13 08:35:50.018082,19.5,84.8,0
2021-07-13 08:38:08.761588,19.6,84.8,0
2021-07-13 08:40:55.119106,19.6,84.8,0
2021-07-13 08:43:48.745397,19.6,84.8,0
2021-07-13 08:46:19.903785,19.6,84.8,0
2021-07-13 08:48:33.280910,19.7,84.9,0
2021-07-13 08:51:11.951865,19.7,85.0,0
2021-07-13 08:53:35.584486,19.8,85.5,0
2021-07-13 08:55:36.131107,19.8,85.5,0
2021-07-13 08:57:46.765341,19.8,85.1,0
2021-07-13 09:00:12.621343,19.8,84.9,0
2021-07-13 09:02:21.173177,19.9,84.8,0
2021-07-13 09:04:52.158459,19.9,84.8,0
2021-07-13 09:07:25.582508,19.9,84.7,0
2021-07-13 09:09:53.079616,20.0,84.8,0
2021-07-13 09:12:11.477096,20.0,84.8,0
2021-07-13 09:13:56.782425,20.0,84.6,0
2021-07-13 09:15:39.891566,20.0,84.5,0
2021-07-13 09:17:58.426740,20.0,84.4,0
2021-07-13 09:20:26.986944,20.1,84.3,0
2021-07-13 09:22:42.602740,20.1,84.1,0
2021-07-13 09:24:43.356430,20.1,84.0,0
2021-07-13 09:26:36.566902,20.2,83.9,0
2021-07-13 09:28:21.872760,20.2,83.8,0
2021-07-13 09:30:02.127939,20.2,83.6,0
2021-07-13 09:31:47.562867,20.2,83.4,0
2021-07-13 09:33:33.218671,20.3,83.3,0
2021-07-13 09:35:56.625850,20.3,83.2,0
2021-07-13 09:37:47.068178,20.3,82.9,0
2021-07-13 09:39:22.391132,20.3,82.7,0
2021-07-13 09:41:08.076345,20.4,82.5,0
2021-07-13 09:43:01.120104,20.4,82.3,0
2021-07-13 09:44:59.096200,20.4,82.1,0
2021-07-13 09:47:12.470384,20.4,81.9,0
2021-07-13 09:49:28.422828,20.5,81.7,0
2021-07-13 09:52:42.344970,20.5,81.4,0
2021-07-13 09:54:35.375945,20.5,81.0,0
2021-07-13 09:57:04.611940,20.5,80.6,0
2021-07-13 09:58:44.963491,20.6,80.4,0
2021-07-13 10:00:32.811457,20.6,80.2,0
2021-07-13 10:02:21.075235,20.6,80.0,0
2021-07-13 10:04:16.657826,20.7,79.7,0
2021-07-13 10:06:12.099826,20.7,79.4,0
2021-07-13 10:08:28.053898,20.8,79.1,0
2021-07-13 10:10:16.259387,20.8,78.8,0
2021-07-13 10:12:04.279674,20.8,78.5,0
2021-07-13 10:13:43.159496,20.8,78.2,1
2021-07-13 10:15:21.200717,20.8,79.6,0
2021-07-13 10:17:06.982810,20.9,78.8,0
2021-07-13 10:19:09.087714,20.9,78.9,0
2021-07-13 10:21:28.023122,20.9,82.9,0
2021-07-13 10:23:26.380456,21.0,79.4,0
2021-07-13 10:25:07.545608,21.0,78.4,1
2021-07-13 10:26:46.840361,21.0,82.0,0
2021-07-13 10:28:30.116236,21.1,80.2,0
2021-07-13 10:30:24.453111,21.1,79.8,0
2021-07-13 10:33:01.058576,21.1,81.1,0
2021-07-13 10:35:43.865791,21.2,81.3,0
2021-07-13 10:38:11.997879,21.2,80.4,0
2021-07-13 10:40:07.237558,21.2,79.2,0
2021-07-13 10:41:52.175488,21.3,84.1,0
2021-07-13 10:43:54.857721,21.3,79.3,0
2021-07-13 10:46:10.272253,21.3,80.1,0
2021-07-13 10:48:58.566262,21.3,80.9,0
2021-07-13 10:51:31.478624,21.4,80.7,0
2021-07-13 10:53:45.455483,21.4,81.9,0
2021-07-13 10:55:33.623653,21.4,81.7,0
2021-07-13 10:57:26.284206,21.5,79.9,0
2021-07-13 10:59:39.213268,21.5,81.0,0
2021-07-13 11:01:54.953318,21.5,80.2,0
2021-07-13 11:05:08.839759,21.5,80.2,0
2021-07-13 11:07:45.395360,21.6,80.0,0
2021-07-13 11:09:30.635233,21.6,80.6,0
2021-07-13 11:11:13.874554,21.6,80.9,0
2021-07-13 11:13:03.967775,21.6,80.1,0
2021-07-13 11:14:59.434195,21.6,80.0,0
2021-07-13 11:16:53.396580,21.7,79.3,0
2021-07-13 11:18:46.196718,21.7,82.5,0
2021-07-13 11:20:39.851795,21.7,81.1,0
2021-07-13 11:22:33.743275,21.7,80.3,0
2021-07-13 11:24:18.874784,21.7,80.5,0
2021-07-13 11:26:04.460573,21.8,80.3,0
2021-07-13 11:27:47.537361,21.8,81.1,0
2021-07-13 11:30:28.991089,21.8,80.8,0
2021-07-13 11:33:10.718275,21.8,80.4,0
2021-07-13 11:35:04.076391,21.9,80.8,0
2021-07-13 11:36:47.077385,21.9,82.0,1
2021-07-13 11:38:47.475367,21.9,81.4,0
2021-07-13 11:41:21.406102,22.0,80.9,0
2021-07-13 11:43:22.114361,22.0,80.5,0
2021-07-13 11:45:15.080770,22.0,80.6,0
2021-07-13 11:48:04.687232,22.0,80.6,0
2021-07-13 11:50:16.273216,22.1,81.0,0
2021-07-13 11:52:14.677085,22.0,81.6,0
2021-07-13 11:54:00.876317,22.1,80.7,0
2021-07-13 11:55:39.053083,22.1,81.2,0
2021-07-13 11:57:31.345970,22.1,81.2,0
2021-07-13 11:59:29.555052,22.1,80.4,0
2021-07-13 12:01:20.855357,22.2,80.7,1
2021-07-13 12:03:20.828338,22.2,80.1,1
2021-07-13 12:05:04.422256,22.2,80.4,1
2021-07-13 12:07:07.204300,22.2,81.0,0
2021-07-13 12:09:17.884295,22.3,81.1,0
2021-07-13 12:11:40.237123,22.3,80.3,0
2021-07-13 12:14:23.825157,22.3,80.6,0
2021-07-13 12:16:36.481066,22.3,79.1,0
2021-07-13 12:18:43.192866,22.3,80.4,0
2021-07-13 12:20:44.107211,22.4,82.4,0
2021-07-13 12:23:02.543456,22.4,80.0,1
2021-07-13 12:25:42.811676,22.4,81.1,0
2021-07-13 12:27:57.398582,22.5,79.7,1
2021-07-13 12:29:54.381136,22.5,79.2,0
2021-07-13 12:31:51.770280,22.5,80.4,0
2021-07-13 12:34:36.338241,22.5,81.4,1
2021-07-13 12:36:40.395044,22.6,79.9,0
2021-07-13 12:38:42.865526,22.6,80.8,0
2021-07-13 12:40:43.770587,22.6,81.7,0
2021-07-13 12:42:36.114970,22.6,79.9,1
2021-07-13 12:44:59.300389,22.6,80.3,0
2021-07-13 12:46:42.829792,22.7,79.9,0
2021-07-13 12:49:18.279155,22.7,80.0,0
2021-07-13 12:51:36.672220,22.7,81.0,0
2021-07-13 12:54:07.005982,22.7,79.9,1
2021-07-13 12:56:13.060421,22.8,80.2,0
2021-07-13 12:58:13.033611,22.8,79.4,1
2021-07-13 13:00:09.914137,22.8,79.3,0
2021-07-13 13:02:00.471795,22.8,79.9,0
2021-07-13 13:04:32.652809,22.8,79.7,0
2021-07-13 13:06:49.792049,22.9,79.8,0
2021-07-13 13:08:38.184689,22.9,80.5,0
2021-07-13 13:10:22.166131,22.9,79.6,0
2021-07-13 13:12:23.146231,22.9,79.4,0
2021-07-13 13:14:14.311462,22.9,79.5,0
2021-07-13 13:16:21.409181,23.0,79.0,0
2021-07-13 13:18:30.009502,23.0,79.2,0
2021-07-13 13:20:34.798881,23.0,79.4,1
2021-07-13 13:22:29.862801,23.0,78.4,0
2021-07-13 13:24:11.639627,23.0,78.7,1
2021-07-13 13:25:56.561369,23.1,79.3,1
2021-07-13 13:27:37.447072,23.0,78.5,1
2021-07-13 13:29:22.497055,23.1,79.7,0
2021-07-13 13:31:20.119918,23.1,79.4,1
2021-07-13 13:33:09.037388,23.1,78.8,0
2021-07-13 13:35:17.501404,23.1,78.3,0
2021-07-13 13:37:18.006876,23.2,79.9,0
2021-07-13 13:38:59.203782,23.2,79.0,0
2021-07-13 13:40:45.521293,23.2,78.5,1
2021-07-13 13:42:41.021485,23.2,80.0,0
2021-07-13 13:44:31.196567,23.3,79.0,0
2021-07-13 13:46:22.080978,23.3,78.6,0
2021-07-13 13:48:34.185255,23.3,79.1,1
2021-07-13 13:50:20.668250,23.3,79.2,0
2021-07-13 13:52:59.886195,23.3,78.6,1
2021-07-13 13:55:21.654420,23.3,79.3,1
2021-07-13 13:57:14.494430,23.4,79.2,1
2021-07-13 13:59:03.684673,23.3,79.3,0
2021-07-13 14:00:55.619338,23.4,79.3,1
2021-07-13 14:02:45.252268,23.4,79.0,0
2021-07-13 14:04:34.920120,23.4,78.7,0
2021-07-13 14:06:19.798898,23.4,78.3,0
2021-07-13 14:08:12.166740,23.4,79.1,1
2021-07-13 14:10:43.307079,23.5,78.5,1
2021-07-13 14:13:00.632957,23.5,79.0,0
2021-07-13 14:15:36.555658,23.5,78.6,0
2021-07-13 14:18:28.975773,23.5,78.9,0
2021-07-13 14:20:57.416153,23.5,78.8,0
2021-07-13 14:22:59.280265,23.5,78.8,0
2021-07-13 14:24:52.768991,23.6,78.4,0
2021-07-13 14:27:04.974689,23.6,79.6,1
2021-07-13 14:29:40.112414,23.6,79.1,0
2021-07-13 14:32:13.384319,23.7,78.9,0
2021-07-13 14:34:20.967265,23.7,79.1,1
2021-07-13 14:36:07.401175,23.7,79.0,0
2021-07-13 14:38:02.243140,23.7,78.2,0
2021-07-13 14:39:38.764998,23.7,78.8,0
2021-07-13 14:41:33.501177,23.7,78.5,0
2021-07-13 14:43:43.605875,23.7,79.0,0
2021-07-13 14:46:23.762975,23.7,78.2,0
2021-07-13 14:49:00.838900,23.7,78.5,0
2021-07-13 14:51:33.738307,23.8,78.6,0
2021-07-13 14:53:14.341518,23.8,79.9,0
2021-07-13 14:54:57.011838,23.8,79.1,1
2021-07-13 14:56:44.415166,23.8,78.4,0
2021-07-13 14:58:23.677056,23.8,79.1,1
2021-07-13 15:00:42.785983,23.8,79.9,0
2021-07-13 15:02:39.225356,23.8,78.7,1
2021-07-13 15:04:40.429245,23.8,80.0,0
2021-07-13 15:06:41.782875,23.8,78.6,1
2021-07-13 15:08:53.398017,23.9,79.3,0
2021-07-13 15:11:39.404231,23.9,79.0,1
2021-07-13 15:13:37.013170,23.9,79.0,0
2021-07-13 15:15:22.250027,23.9,78.8,0
2021-07-13 15:17:14.026044,23.9,79.4,1
2021-07-13 15:19:00.643685,23.9,79.0,0
2021-07-13 15:20:42.241993,24.0,78.9,0
2021-07-13 15:22:30.248482,24.0,78.7,0
2021-07-13 15:24:16.776391,24.0,78.9,0
2021-07-13 15:26:36.162371,24.1,78.1,0
2021-07-13 15:29:03.919900,24.1,78.8,0
2021-07-13 15:31:44.406530,24.0,78.9,0
2021-07-13 15:34:30.010859,24.1,79.1,1
2021-07-13 15:36:47.200712,24.1,78.7,1
2021-07-13 15:38:33.043787,24.1,78.4,0
2021-07-13 15:40:34.327827,24.1,79.4,0
2021-07-13 15:43:02.975401,24.1,78.5,1
2021-07-13 15:44:40.882025,24.1,78.3,0
2021-07-13 15:46:35.195056,24.1,79.5,0
2021-07-13 15:48:37.789688,24.1,78.8,0
2021-07-13 15:50:20.854765,24.1,78.6,0
2021-07-13 15:52:15.436754,24.1,79.2,1
2021-07-13 15:54:09.640244,24.1,78.9,0
2021-07-13 15:56:00.934700,24.1,78.8,1
2021-07-13 15:58:07.761505,24.1,79.0,0
2021-07-13 16:00:25.313604,24.1,79.0,0
2021-07-13 16:02:38.007695,24.2,78.9,0
2021-07-13 16:04:43.817001,24.1,78.9,0
2021-07-13 16:06:35.412568,24.1,80.0,0
2021-07-13 16:08:22.559578,24.2,79.3,1
2021-07-13 16:10:26.218346,24.2,78.4,0
2021-07-13 16:12:14.447038,24.1,79.3,0
2021-07-13 16:14:22.467040,24.1,79.8,0
2021-07-13 16:16:08.570581,24.2,79.6,0
2021-07-13 16:18:21.124812,24.2,79.0,0
2021-07-13 16:20:52.001044,24.2,78.7,0
2021-07-13 16:23:10.853500,24.2,80.5,0
2021-07-13 16:25:00.123788,24.2,78.3,1
2021-07-13 16:27:23.712758,24.2,79.9,0
2021-07-13 16:30:02.447412,24.2,78.1,1
2021-07-13 16:32:06.577301,24.2,79.2,1
2021-07-13 16:34:08.402724,24.2,78.0,1
2021-07-13 16:36:10.885115,24.2,79.6,0
2021-07-13 16:38:00.419081,24.2,78.0,1
2021-07-13 16:39:57.665876,24.2,77.7,1
2021-07-13 16:41:50.050560,24.2,77.6,1
2021-07-13 16:43:33.591780,24.2,78.0,0
2021-07-13 16:45:34.431964,24.2,78.4,0
2021-07-13 16:47:33.088826,24.1,78.2,0
2021-07-13 16:49:17.192379,24.1,78.5,0
2021-07-13 16:51:03.899425,24.1,78.3,1
2021-07-13 16:53:16.675888,24.1,77.6,1
2021-07-13 16:55:26.463818,24.1,79.0,0
2021-07-13 16:57:34.634951,24.1,78.3,0
2021-07-13 17:00:02.755816,24.1,77.9,1
2021-07-13 17:02:41.025189,24.1,78.6,0
2021-07-13 17:05:12.944635,24.1,78.3,0
2021-07-13 17:07:45.658002,24.1,78.1,1
2021-07-13 17:09:58.092701,24.0,78.7,0
2021-07-13 17:12:02.806875,24.1,77.8,1
2021-07-13 17:14:14.351517,24.0,79.1,0
2021-07-13 17:16:25.874504,24.1,78.1,0
2021-07-13 17:19:02.760532,24.0,78.3,0
2021-07-13 17:21:39.996096,24.0,78.0,1
2021-07-13 17:23:29.558454,24.0,77.2,1
2021-07-13 17:25:16.398426,23.9,78.1,1
2021-07-13 17:27:02.561573,23.9,78.2,1
2021-07-13 17:29:01.869485,23.9,78.5,0
2021-07-13 17:31:09.289252,23.9,78.8,1
2021-07-13 17:33:04.272659,23.9,78.4,0
2021-07-13 17:34:45.193707,23.8,78.2,1
2021-07-13 17:36:29.736891,23.8,79.0,0
2021-07-13 17:38:31.257857,23.8,78.2,0
2021-07-13 17:40:40.025906,23.8,78.3,1
2021-07-13 17:42:19.877814,23.7,78.3,1
2021-07-13 17:45:01.174161,23.7,78.4,1
2021-07-13 17:47:55.698929,23.6,78.2,1
2021-07-13 17:51:22.652947,23.5,79.0,1
2021-07-13 17:53:14.635506,23.5,78.7,0
2021-07-13 17:55:09.598696,23.4,78.5,0
2021-07-13 17:57:05.164368,23.4,78.8,0
2021-07-13 17:58:46.688974,23.4,79.3,1
2021-07-13 18:00:43.584543,23.4,79.2,0
2021-07-13 18:02:22.142562,23.4,79.0,1
2021-07-13 18:04:00.634510,23.3,79.4,0
2021-07-13 18:05:50.807242,23.3,78.1,0
2021-07-13 18:08:15.637960,23.3,78.9,0
2021-07-13 18:10:06.834522,23.3,78.5,0
2021-07-13 18:12:01.136911,23.2,78.9,0
2021-07-13 18:13:51.366863,23.2,78.6,0
2021-07-13 18:15:42.712089,23.2,78.6,0
2021-07-13 18:17:38.682619,23.1,79.7,0
2021-07-13 18:20:17.030634,23.1,78.9,0
2021-07-13 18:22:38.260822,23.1,78.4,0
2021-07-13 18:25:11.593740,23.1,78.6,1
2021-07-13 18:27:36.969137,23.1,78.7,0
2021-07-13 18:29:16.702569,23.0,79.2,1
2021-07-13 18:30:57.728251,23.0,79.6,0
2021-07-13 18:32:50.074897,23.0,79.3,0
2021-07-13 18:34:47.182652,22.9,79.2,0
2021-07-13 18:37:26.842871,22.9,79.4,0
2021-07-13 18:39:33.784342,22.9,78.7,0
2021-07-13 18:41:21.658783,22.9,78.8,1
2021-07-13 18:43:30.920321,22.9,79.6,0
2021-07-13 18:45:34.461082,22.8,79.6,0
2021-07-13 18:47:21.832100,22.8,78.9,1
2021-07-13 18:49:01.090132,22.8,79.2,0
2021-07-13 18:50:48.342689,22.8,78.6,0
2021-07-13 18:52:35.612371,22.8,79.3,1
2021-07-13 18:55:05.786797,22.7,80.0,1
2021-07-13 18:57:30.004732,22.7,79.2,0
2021-07-13 18:59:11.215118,22.7,80.0,0
2021-07-13 19:01:01.576363,22.7,78.8,0
2021-07-13 19:03:16.642782,22.7,78.9,0
2021-07-13 19:04:53.365774,22.7,78.7,0
2021-07-13 19:06:50.490472,22.7,79.4,0
2021-07-13 19:08:30.406133,22.6,79.1,1
2021-07-13 19:10:19.714895,22.6,79.6,0
2021-07-13 19:12:19.150673,22.6,79.4,0
2021-07-13 19:14:06.239780,22.6,78.6,0
2021-07-13 19:15:53.664043,22.5,78.9,0
2021-07-13 19:17:45.848349,22.5,79.2,0
2021-07-13 19:19:43.437266,22.5,79.1,1
2021-07-13 19:21:31.552034,22.4,80.4,0
2021-07-13 19:23:11.344988,22.4,78.6,0
2021-07-13 19:25:01.976269,22.4,78.6,0
2021-07-13 19:26:40.155092,22.4,79.7,0
2021-07-13 19:28:27.185848,22.3,79.1,0
2021-07-13 19:30:32.080429,22.2,78.1,1
2021-07-13 19:32:22.781735,22.2,79.4,0
2021-07-13 19:34:12.073805,22.2,78.5,0
2021-07-13 19:35:56.169126,22.1,79.6,0
2021-07-13 19:37:43.970907,22.1,79.5,0
2021-07-13 19:39:34.050885,22.2,79.6,0
2021-07-13 19:41:22.446052,22.2,79.6,1
2021-07-13 19:43:21.444399,22.1,79.6,1
2021-07-13 19:44:58.393378,22.1,80.1,0
2021-07-13 19:46:52.746243,22.1,79.3,0
2021-07-13 19:48:55.464257,22.1,80.0,0
2021-07-13 19:51:35.126419,22.1,79.9,0
2021-07-13 19:53:52.294408,22.0,79.2,1
2021-07-13 19:55:47.604028,22.0,79.9,0
2021-07-13 19:57:49.929172,22.0,79.7,0
2021-07-13 19:59:32.735133,22.0,79.1,0
2021-07-13 20:01:15.253932,22.0,79.8,0
2021-07-13 20:02:52.964939,22.0,79.7,0
2021-07-13 20:04:46.284762,21.9,78.8,0
2021-07-13 20:06:43.206402,21.9,79.1,0
2021-07-13 20:09:20.184203,21.8,80.2,0
2021-07-13 20:11:46.522365,21.8,80.4,0
2021-07-13 20:14:05.122179,21.7,80.6,0
2021-07-13 20:16:00.146238,21.8,79.8,1
2021-07-13 20:17:47.884624,21.7,79.7,0
2021-07-13 20:19:55.714327,21.7,80.9,0
2021-07-13 20:21:55.489209,21.7,80.2,0
2021-07-13 20:23:48.270733,21.7,79.5,0
2021-07-13 20:25:46.812663,21.7,79.4,1
2021-07-13 20:27:40.469891,21.7,79.3,1
2021-07-13 20:29:28.013909,21.7,79.9,0
2021-07-13 20:31:18.510180,21.7,79.9,0
2021-07-13 20:33:44.187401,21.6,79.9,0
2021-07-13 20:35:34.772062,21.6,80.3,0
2021-07-13 20:37:30.106905,21.6,79.8,0
2021-07-13 20:40:16.379362,21.6,80.2,0
2021-07-13 20:42:26.154860,21.6,80.3,0
2021-07-13 20:44:42.914092,21.6,79.3,1
